{
    "A": {
        "precision": 0.9812571191881537,
        "recall": 0.34458181818181816,
        "f1-score": 0.5100519417606373,
        "support": 27500.0
    },
    "B": {
        "precision": 0.950133813971271,
        "recall": 0.6325818181818181,
        "f1-score": 0.759501408020258,
        "support": 27500.0
    },
    "C": {
        "precision": 0.9572649572649573,
        "recall": 0.43985454545454544,
        "f1-score": 0.6027506477974885,
        "support": 27500.0
    },
    "D": {
        "precision": 0.9714129500898226,
        "recall": 0.45225454545454546,
        "f1-score": 0.6171749001315039,
        "support": 27500.0
    },
    "E": {
        "precision": 0.9908290535583272,
        "recall": 0.39287272727272726,
        "f1-score": 0.5626497239870847,
        "support": 27500.0
    },
    "F": {
        "precision": 0.9889958030504657,
        "recall": 0.7026545454545454,
        "f1-score": 0.8215910540414133,
        "support": 27500.0
    },
    "G": {
        "precision": 0.9746608016851496,
        "recall": 0.5720727272727273,
        "f1-score": 0.7209733965766137,
        "support": 27500.0
    },
    "H": {
        "precision": 0.9792294587865287,
        "recall": 0.5434545454545454,
        "f1-score": 0.6989850802114026,
        "support": 27500.0
    },
    "I": {
        "precision": 0.9940980241211188,
        "recall": 0.563490909090909,
        "f1-score": 0.7192721871518752,
        "support": 27500.0
    },
    "K": {
        "precision": 0.9930761622156281,
        "recall": 0.5111272727272728,
        "f1-score": 0.6748931675229269,
        "support": 27500.0
    },
    "L": {
        "precision": 0.9939876108344468,
        "recall": 0.5951636363636363,
        "f1-score": 0.7445298639858072,
        "support": 27500.0
    },
    "M": {
        "precision": 0.9447546282691742,
        "recall": 0.11690909090909091,
        "f1-score": 0.20807041387567551,
        "support": 27500.0
    },
    "N": {
        "precision": 0.9854783599088838,
        "recall": 0.12585454545454544,
        "f1-score": 0.2232039210628144,
        "support": 27500.0
    },
    "O": {
        "precision": 0.9581050923108135,
        "recall": 0.34345454545454546,
        "f1-score": 0.505648053964345,
        "support": 27500.0
    },
    "P": {
        "precision": 0.9742769946228745,
        "recall": 0.24378181818181818,
        "f1-score": 0.38998283935894823,
        "support": 27500.0
    },
    "Q": {
        "precision": 0.944386149003148,
        "recall": 0.26181818181818184,
        "f1-score": 0.40997608472839087,
        "support": 27500.0
    },
    "R": {
        "precision": 0.9856779547583991,
        "recall": 0.2677818181818182,
        "f1-score": 0.4211489519887907,
        "support": 27500.0
    },
    "S": {
        "precision": 0.9768631813125696,
        "recall": 0.31934545454545454,
        "f1-score": 0.48133735269936967,
        "support": 27500.0
    },
    "T": {
        "precision": 0.9946372239747634,
        "recall": 0.34396363636363636,
        "f1-score": 0.511159146176709,
        "support": 27500.0
    },
    "U": {
        "precision": 0.9903991915108641,
        "recall": 0.21381818181818182,
        "f1-score": 0.35170619373747647,
        "support": 27500.0
    },
    "V": {
        "precision": 0.9814765100671141,
        "recall": 0.39883636363636366,
        "f1-score": 0.5671881060116354,
        "support": 27500.0
    },
    "W": {
        "precision": 0.9978603741288666,
        "recall": 0.5935636363636364,
        "f1-score": 0.7443567878152219,
        "support": 27500.0
    },
    "X": {
        "precision": 0.9793370641411967,
        "recall": 0.33090909090909093,
        "f1-score": 0.4946727549467275,
        "support": 27500.0
    },
    "Y": {
        "precision": 0.9972981563890655,
        "recall": 0.45636363636363636,
        "f1-score": 0.6261850114759006,
        "support": 27500.0
    },
    "none": {
        "precision": 0.04925027158717764,
        "recall": 0.99965,
        "f1-score": 0.09387552911512465,
        "support": 20000.0
    },
    "accuracy": 0.4243705882352941,
    "macro avg": {
        "precision": 0.941389876270031,
        "recall": 0.43064636363636366,
        "f1-score": 0.5384353807257657,
        "support": 680000.0
    },
    "weighted avg": {
        "precision": 0.9512296513216802,
        "recall": 0.4243705882352941,
        "f1-score": 0.5433386143832358,
        "support": 680000.0
    }
}